{"accuracy": 0.8918918918918919, "precision": 0.8372093023255814, "recall": 0.972972972972973, "f1": 0.9, "auc": 0.8918918918918919}