{"accuracy": 0.7297297297297297, "precision": 0.717948717948718, "recall": 0.7567567567567568, "f1": 0.736842105263158, "auc": 0.7297297297297296}