{"accuracy": 0.8783783783783784, "precision": 0.8333333333333334, "recall": 0.9459459459459459, "f1": 0.8860759493670887, "auc": 0.8783783783783784}