,batch_size,accuracy,precision,recall,f1,auc
0,32,0.5076923076923077,0.5089514066496164,0.5543175487465181,0.5306666666666666,0.5074958530249445
1,64,0.3174825174825175,0.31932773109243695,0.31754874651810583,0.3184357541899441,0.31748223842759227
2,128,0.593006993006993,0.6574074074074074,0.3955431754874652,0.4939130434782609,0.5938390034740697
3,256,0.3678321678321678,0.33451957295373663,0.2618384401114206,0.29375,0.368278770617508
