{"accuracy": 0.5540540540540541, "precision": 0.5294117647058824, "recall": 0.972972972972973, "f1": 0.6857142857142857, "auc": 0.5540540540540541}