,batch_size,accuracy,precision,recall,f1,auc
0,32,0.4125874125874126,0.4037854889589905,0.3565459610027855,0.37869822485207105,0.41282354229914553
1,64,0.4937062937062937,0.49504950495049505,0.4178272980501393,0.45317220543806647,0.4940260085756314
2,128,0.38741258741258744,0.3633217993079585,0.2924791086350975,0.32407407407407407,0.38781258802541385
3,256,0.3776223776223776,0.36477987421383645,0.3231197771587744,0.34268833087149186,0.37785202341084784
