{"accuracy": 0.8378378378378378, "precision": 0.8571428571428571, "recall": 0.8108108108108109, "f1": 0.8333333333333334, "auc": 0.8378378378378379}