{"accuracy": 0.8648648648648649, "precision": 0.8461538461538461, "recall": 0.8918918918918919, "f1": 0.868421052631579, "auc": 0.8648648648648649}